Timestamp,Prediction
2025-06-24 15:31:25.074838,Incorrect
2025-06-24 15:31:25.184135,Incorrect
2025-06-24 15:31:25.250186,Incorrect
2025-06-24 15:31:25.310788,Incorrect
2025-06-24 15:31:25.374929,Incorrect
2025-06-24 15:31:25.442274,Incorrect
2025-06-24 15:31:25.505403,Incorrect
2025-06-24 15:31:25.567174,Incorrect
2025-06-24 15:31:25.628921,Incorrect
2025-06-24 15:31:25.691899,Incorrect
2025-06-24 15:31:25.754147,Incorrect
2025-06-24 15:31:25.820441,Incorrect
2025-06-24 15:31:25.886732,Incorrect
2025-06-24 15:31:25.956406,Incorrect
2025-06-24 15:31:26.017073,Incorrect
2025-06-24 15:31:26.075286,Incorrect
2025-06-24 15:31:26.134502,Incorrect
2025-06-24 15:31:26.193543,Incorrect
2025-06-24 15:31:26.252328,Incorrect
2025-06-24 15:31:26.313157,Incorrect
2025-06-24 15:31:26.374668,Incorrect
2025-06-24 15:31:26.435213,Incorrect
2025-06-24 15:31:26.500256,Incorrect
2025-06-24 15:31:26.560376,Incorrect
2025-06-24 15:31:26.618952,Incorrect
2025-06-24 15:31:26.679183,Incorrect
2025-06-24 15:31:26.737883,Incorrect
2025-06-24 15:31:26.800337,Incorrect
2025-06-24 15:31:26.862794,Incorrect
2025-06-24 15:31:26.921753,Incorrect
2025-06-24 15:31:26.985463,Incorrect
2025-06-24 15:31:27.046016,Incorrect
2025-06-24 15:31:27.107224,Incorrect
2025-06-24 15:31:27.168331,Incorrect
2025-06-24 15:31:27.227017,Incorrect
2025-06-24 15:31:27.288789,Incorrect
2025-06-24 15:31:27.350276,Incorrect
2025-06-24 15:31:27.412821,Incorrect
2025-06-24 15:31:27.472012,Incorrect
2025-06-24 15:31:27.529633,Incorrect
2025-06-24 15:31:27.593758,Incorrect
2025-06-24 15:31:27.651468,Incorrect
2025-06-24 15:31:27.710073,Incorrect
2025-06-24 15:31:27.770889,Incorrect
2025-06-24 15:31:27.834359,Incorrect
2025-06-24 15:31:27.892720,Incorrect
2025-06-24 15:31:27.950403,Incorrect
2025-06-24 15:31:28.008984,Incorrect
2025-06-24 15:31:28.066204,Incorrect
2025-06-24 15:31:28.120888,Incorrect
2025-06-24 15:31:28.177459,Incorrect
2025-06-24 15:31:28.237027,Incorrect
2025-06-24 15:31:28.297311,Incorrect
2025-06-24 15:31:28.359403,Incorrect
2025-06-24 15:31:28.434597,Incorrect
2025-06-24 15:31:28.500582,Incorrect
2025-06-24 15:31:28.560045,Incorrect
2025-06-24 15:31:28.623435,Incorrect
2025-06-24 15:31:28.683600,Incorrect
2025-06-24 15:31:28.755446,Incorrect
2025-06-24 15:31:28.855371,Incorrect
2025-06-24 15:31:28.964413,Incorrect
2025-06-24 15:31:29.074840,Incorrect
2025-06-24 15:31:29.191985,Incorrect
2025-06-24 15:31:29.290398,Incorrect
2025-06-24 15:31:29.376811,Incorrect
2025-06-24 15:31:29.484023,Incorrect
2025-06-24 15:31:29.592371,Incorrect
2025-06-24 15:31:29.711749,Incorrect
2025-06-24 15:31:29.804285,Incorrect
2025-06-24 15:31:29.868303,Incorrect
2025-06-24 15:31:29.931756,Incorrect
2025-06-24 15:31:29.995713,Incorrect
2025-06-24 15:31:30.060728,Incorrect
2025-06-24 15:31:30.135397,Incorrect
2025-06-24 15:31:30.204796,Incorrect
2025-06-24 15:31:30.268870,Incorrect
2025-06-24 15:31:30.330404,Incorrect
2025-06-24 15:31:30.392256,Incorrect
2025-06-24 15:31:30.459205,Incorrect
2025-06-24 15:31:30.528046,Incorrect
2025-06-24 15:31:30.598559,Incorrect
2025-06-24 15:31:30.658634,Incorrect
2025-06-24 15:31:30.719183,Incorrect
2025-06-24 15:31:30.779365,Incorrect
2025-06-24 15:31:30.836395,Incorrect
2025-06-24 15:31:30.893419,Incorrect
2025-06-24 15:31:30.952981,Incorrect
2025-06-24 15:31:31.012158,Incorrect
2025-06-24 15:31:31.072861,Incorrect
2025-06-24 15:31:31.135361,Incorrect
2025-06-24 15:31:31.196221,Incorrect
2025-06-24 15:31:31.258287,Incorrect
2025-06-24 15:31:31.320694,Incorrect
2025-06-24 15:31:31.376968,Incorrect
2025-06-24 15:31:31.436438,Incorrect
2025-06-24 15:31:31.494400,Incorrect
2025-06-24 15:31:31.558235,Incorrect
2025-06-24 15:31:31.615406,Incorrect
2025-06-24 15:31:31.676650,Incorrect
2025-06-24 15:31:31.735692,Incorrect
2025-06-24 15:31:31.797954,Incorrect
2025-06-24 15:31:31.857064,Incorrect
2025-06-24 15:31:31.913238,Incorrect
2025-06-24 15:31:31.973361,Incorrect
2025-06-24 15:31:32.030004,Incorrect
2025-06-24 15:31:32.091040,Incorrect
2025-06-24 15:31:32.151093,Incorrect
2025-06-24 15:31:32.208066,Incorrect
2025-06-24 15:31:32.287446,Correct
2025-06-24 15:31:32.348768,Correct
2025-06-24 15:31:32.408032,Correct
2025-06-24 15:31:32.466871,Correct
2025-06-24 15:31:32.528108,Correct
2025-06-24 15:31:32.585286,Correct
2025-06-24 15:31:32.654788,Correct
2025-06-24 15:31:32.720795,Correct
2025-06-24 15:31:32.778950,Correct
2025-06-24 15:31:32.838080,Correct
2025-06-24 15:31:32.895782,Correct
2025-06-24 15:31:32.956460,Correct
2025-06-24 15:31:33.014483,Correct
2025-06-24 15:31:33.072952,Correct
2025-06-24 15:31:33.130571,Correct
2025-06-24 15:31:33.191449,Correct
2025-06-24 15:31:33.252323,Correct
2025-06-24 15:31:33.315911,Correct
2025-06-24 15:31:33.378341,Correct
2025-06-24 15:31:33.437631,Correct
2025-06-24 15:31:33.496183,Correct
2025-06-24 15:31:33.554886,Correct
2025-06-24 15:31:33.616157,Correct
2025-06-24 15:31:33.674117,Correct
2025-06-24 15:31:33.731633,Correct
2025-06-24 15:31:33.792638,Correct
2025-06-24 15:31:33.852165,Correct
2025-06-24 15:31:33.909377,Correct
2025-06-24 15:31:33.968526,Correct
2025-06-24 15:31:34.026136,Correct
2025-06-24 15:31:34.086356,Incorrect
2025-06-24 15:31:34.144494,Incorrect
2025-06-24 15:31:34.203782,Incorrect
2025-06-24 15:31:34.263261,Incorrect
2025-06-24 15:31:34.321996,Incorrect
2025-06-24 15:31:34.378540,Incorrect
2025-06-24 15:31:34.438604,Incorrect
2025-06-24 15:31:34.497845,Incorrect
2025-06-24 15:31:34.555483,Incorrect
2025-06-24 15:31:34.615324,Incorrect
2025-06-24 15:31:34.674780,Incorrect
2025-06-24 15:31:34.733266,Incorrect
2025-06-24 15:31:34.792429,Incorrect
2025-06-24 15:31:34.850136,Incorrect
2025-06-24 15:31:34.909280,Incorrect
2025-06-24 15:31:34.970385,Incorrect
2025-06-24 15:31:35.026029,Incorrect
2025-06-24 15:31:35.088094,Incorrect
2025-06-24 15:31:35.142889,Incorrect
2025-06-24 15:31:35.200004,Incorrect
2025-06-24 15:31:35.257984,Incorrect
2025-06-24 15:31:35.320762,Incorrect
2025-06-24 15:31:35.377758,Incorrect
2025-06-24 15:31:35.438368,Incorrect
2025-06-24 15:31:35.502695,Incorrect
2025-06-24 15:31:35.559516,Incorrect
2025-06-24 15:31:35.620679,Incorrect
2025-06-24 15:31:35.675525,Incorrect
2025-06-24 15:31:35.735963,Incorrect
2025-06-24 15:31:35.798031,Incorrect
2025-06-24 15:31:35.854791,Incorrect
2025-06-24 15:31:35.910117,Incorrect
2025-06-24 15:31:35.965955,Incorrect
2025-06-24 15:31:36.025079,Incorrect
2025-06-24 15:31:36.082367,Incorrect
2025-06-24 15:31:36.144822,Incorrect
2025-06-24 15:31:36.200827,Incorrect
2025-06-24 15:31:36.259338,Correct
2025-06-24 15:31:36.318696,Correct
2025-06-24 15:31:36.376422,Correct
2025-06-24 15:31:36.433923,Correct
2025-06-24 15:31:36.492239,Correct
2025-06-24 15:31:36.550717,Correct
2025-06-24 15:31:36.607137,Correct
2025-06-24 15:31:36.665222,Correct
2025-06-24 15:31:36.723383,Correct
2025-06-24 15:31:36.781309,Correct
2025-06-24 15:31:36.844046,Correct
2025-06-24 15:31:36.899088,Correct
2025-06-24 15:31:36.958016,Correct
2025-06-24 15:31:37.017569,Correct
2025-06-24 15:31:37.074022,Correct
2025-06-24 15:31:37.129128,Correct
2025-06-24 15:31:37.188014,Correct
2025-06-24 15:31:37.243667,Correct
2025-06-24 15:31:37.303769,Correct
2025-06-24 15:31:37.359742,Incorrect
2025-06-24 15:31:37.418618,Incorrect
2025-06-24 15:31:37.476628,Incorrect
2025-06-24 15:31:37.534210,Incorrect
2025-06-24 15:31:37.594367,Incorrect
2025-06-24 15:31:37.656464,Incorrect
2025-06-24 15:31:37.714959,Incorrect
2025-06-24 15:31:37.772313,Incorrect
2025-06-24 15:31:37.835001,Incorrect
2025-06-24 15:31:37.897849,Incorrect
2025-06-24 15:31:37.954586,Incorrect
2025-06-24 15:31:38.011644,Incorrect
2025-06-24 15:31:38.068545,Incorrect
2025-06-24 15:31:38.128688,Incorrect
2025-06-24 15:31:38.186325,Incorrect
2025-06-24 15:31:38.244318,Incorrect
2025-06-24 15:31:38.303934,Incorrect
2025-06-24 15:31:38.359621,Incorrect
2025-06-24 15:31:38.419326,Incorrect
2025-06-24 15:31:38.475341,Incorrect
2025-06-24 15:31:38.533836,Incorrect
2025-06-24 15:31:38.594026,Incorrect
2025-06-24 15:31:38.651929,Incorrect
2025-06-24 15:31:38.708973,Incorrect
2025-06-24 15:31:38.770519,Incorrect
2025-06-24 15:31:38.827564,Incorrect
2025-06-24 15:31:38.884683,Correct
2025-06-24 15:31:38.949133,Correct
2025-06-24 15:31:39.005748,Correct
2025-06-24 15:31:39.062488,Correct
2025-06-24 15:31:39.121706,Correct
2025-06-24 15:31:39.182018,Correct
2025-06-24 15:31:39.236815,Incorrect
2025-06-24 15:31:39.294997,Incorrect
2025-06-24 15:31:39.355652,Incorrect
2025-06-24 15:31:39.411201,Incorrect
2025-06-24 15:31:39.471054,Incorrect
2025-06-24 15:31:39.527946,Incorrect
2025-06-24 15:31:39.588820,Incorrect
2025-06-24 15:31:39.648414,Incorrect
2025-06-24 15:31:39.703214,Incorrect
2025-06-24 15:31:39.760458,Incorrect
2025-06-24 15:31:39.826884,Incorrect
2025-06-24 15:31:39.889372,Incorrect
2025-06-24 15:31:39.946032,Incorrect
2025-06-24 15:31:40.006041,Incorrect
2025-06-24 15:31:40.069060,Incorrect
2025-06-24 15:31:40.127698,Incorrect
2025-06-24 15:31:40.185198,Incorrect
2025-06-24 15:31:40.245691,Incorrect
2025-06-24 15:31:40.302107,Incorrect
2025-06-24 15:31:40.359623,Incorrect
2025-06-24 15:31:40.417761,Incorrect
2025-06-24 15:31:40.479826,Incorrect
2025-06-24 15:31:40.543615,Incorrect
2025-06-24 15:31:40.607197,Incorrect
2025-06-24 15:31:40.666013,Incorrect
2025-06-24 15:31:40.721819,Incorrect
2025-06-24 15:31:40.780860,Incorrect
2025-06-24 15:31:40.841062,Incorrect
2025-06-24 15:31:40.899844,Incorrect
2025-06-24 15:31:40.958803,Incorrect
2025-06-24 15:31:41.015530,Incorrect
2025-06-24 15:31:41.073358,Incorrect
2025-06-24 15:31:41.132574,Incorrect
2025-06-24 15:31:41.189143,Incorrect
2025-06-24 15:31:41.245691,Incorrect
2025-06-24 15:31:41.307570,Incorrect
2025-06-24 15:31:41.367120,Incorrect
2025-06-24 15:31:41.423040,Incorrect
2025-06-24 15:31:41.487324,Incorrect
2025-06-24 15:31:41.547067,Incorrect
2025-06-24 15:31:41.604953,Incorrect
2025-06-24 15:31:41.659721,Incorrect
2025-06-24 15:31:41.717996,Incorrect
2025-06-24 15:31:41.778598,Incorrect
2025-06-24 15:31:41.847867,Incorrect
2025-06-24 15:31:41.906534,Incorrect
2025-06-24 15:31:41.971317,Incorrect
2025-06-24 15:31:42.036428,Incorrect
2025-06-24 15:31:42.096514,Incorrect
2025-06-24 15:31:42.154930,Incorrect
2025-06-24 15:31:42.216224,Incorrect
2025-06-24 15:31:42.274175,Incorrect
2025-06-24 15:31:42.329010,Incorrect
2025-06-24 15:31:42.393925,Incorrect
2025-06-24 15:31:42.453382,Incorrect
2025-06-24 15:31:42.511816,Incorrect
2025-06-24 15:31:42.572412,Incorrect
2025-06-24 15:31:42.631629,Incorrect
2025-06-24 15:31:42.691524,Incorrect
2025-06-24 15:31:42.749139,Incorrect
2025-06-24 15:31:42.810270,Incorrect
2025-06-24 15:31:42.866797,Incorrect
2025-06-24 15:31:42.922393,Incorrect
2025-06-24 15:31:42.982445,Incorrect
2025-06-24 15:31:43.041147,Correct
2025-06-24 15:31:43.099409,Correct
2025-06-24 15:31:43.156407,Correct
2025-06-24 15:31:43.217192,Correct
2025-06-24 15:31:43.277648,Correct
2025-06-24 15:31:43.335032,Correct
2025-06-24 15:31:43.392148,Correct
2025-06-24 15:31:43.451146,Correct
2025-06-24 15:31:43.508957,Correct
2025-06-24 15:31:43.568626,Correct
2025-06-24 15:31:43.631769,Correct
2025-06-24 15:31:43.688067,Correct
2025-06-24 15:31:43.743728,Correct
2025-06-24 15:31:43.805167,Correct
2025-06-24 15:31:43.864735,Correct
2025-06-24 15:31:43.925269,Correct
2025-06-24 15:31:43.983326,Correct
2025-06-24 15:31:44.040497,Correct
2025-06-24 15:31:44.102689,Correct
2025-06-24 15:31:44.162505,Correct
2025-06-24 15:31:44.224824,Correct
2025-06-24 15:31:44.283872,Correct
2025-06-24 15:31:44.343154,Correct
2025-06-24 15:31:44.400035,Incorrect
2025-06-24 15:31:44.457205,Incorrect
2025-06-24 15:31:44.517920,Incorrect
2025-06-24 15:31:44.574773,Incorrect
2025-06-24 15:31:44.634399,Incorrect
2025-06-24 15:31:44.692840,Incorrect
2025-06-24 15:31:44.752398,Correct
2025-06-24 15:31:44.808724,Correct
2025-06-24 15:31:44.868624,Correct
2025-06-24 15:31:44.932170,Correct
2025-06-24 15:31:45.002039,Correct
2025-06-24 15:31:45.059022,Correct
2025-06-24 15:31:45.117073,Correct
2025-06-24 15:31:45.176241,Correct
2025-06-24 15:31:45.234119,Correct
2025-06-24 15:31:45.293924,Correct
2025-06-24 15:31:45.352530,Correct
2025-06-24 15:31:45.410834,Correct
2025-06-24 15:31:45.470741,Correct
2025-06-24 15:31:45.529814,Correct
2025-06-24 15:31:45.601411,Correct
2025-06-24 15:31:45.658613,Correct
2025-06-24 15:31:45.717363,Correct
2025-06-24 15:31:45.778929,Correct
2025-06-24 15:31:45.838036,Correct
2025-06-24 15:31:45.895509,Correct
2025-06-24 15:31:45.952151,Correct
2025-06-24 15:31:46.009469,Correct
2025-06-24 15:31:46.067972,Correct
2025-06-24 15:31:46.125334,Correct
2025-06-24 15:31:46.180993,Correct
2025-06-24 15:31:46.239655,Correct
2025-06-24 15:31:46.295552,Correct
2025-06-24 15:31:46.359921,Correct
2025-06-24 15:31:46.422178,Correct
2025-06-24 15:31:46.479888,Incorrect
2025-06-24 15:31:46.535153,Incorrect
2025-06-24 15:31:46.594211,Incorrect
2025-06-24 15:31:46.650266,Incorrect
2025-06-24 15:31:46.710970,Incorrect
2025-06-24 15:31:46.772131,Incorrect
